city, pop_tot , pop_fb ,pop_fb_share,natrate,lsnblaborforceparticrate,lsfblaborforceparticrate,hsnblaborforceparticrate,hsfblaborforceparticrate,lsnbemplrate,lsfbemplrate,hsnbemplrate,hsfbemplrate,lsnbhighprestigerate,lsfbhighprestigerate,hsnbhighprestigerate,hsfbhighprestigerate,lsnbparttimerate,lsfbparttimerate,hsnbparttimerate,hsfbparttimerate,nbentrepreneurshiprate,fbentrepreneurshiprate,lsnbpovertyrate,lsfbpovertyrate,hsnbpovertyrate,hsfbpovertyrate,lsnbtrirecipient,lsfbtrirecipient,hsnbtrirecipient,hsfbtrirecipient,lsnbfoodstamprecipient,lsfbfoodstamprecipient,hsnbfoodstamprecipient,hsfbfoodstamprecipient,nbownershiprate,fbownershiprate,nboverburdenrate,fboverburdenrate,nbovercrowdedrate,fbovercrowdedrate,nbhealthinsu,fbhealthinsu,nbhs,fbhs,nbba,fbba,nbadv,fbadv,nbpubsoc,fbpubsoc,nbmilitaryvet,fbmilitaryvet, lsnbmediantotinc , lsfbmediantotinc , hsnbmediantotinc , hsfbmediantotinc , nbmedianbusinessincome , fbmedianbusinessincome , overall_score , overall_ranking , policy_score ,gov_leadership,econ_empower,Inclusivity,Community,legal_support,emergency_management,se_score,job_opps,econ_prosperity,Livability,civic_particip
"Albuquerque city, NM",557473,53833,0.1,0.69,0.58,0.65,0.71,0.72,0.93,0.95,0.97,0.94,0.06,0.03,0.33,0.41,0.26,0.24,0.17,0.18,0.08,0.12,0.19,0.26,0.06,0.11,0.38,0.27,0.09,0.12,0.2,0.26,0.06,0.11,0.61,0.55,0.43,0.41,0.01,0.02,0.94,0.73,0.93,0.68,0.37,0.27,0.16,0.15,0.08,0.04,0.12,0.02,17046,15272,49748,37769,21307,19177,3.54,21,4.33,5,5,4,5,2,5,2.75,2,3,3,3
"Anaheim city, CA",349956,125021,0.36,0.74,0.63,0.65,0.79,0.72,0.94,0.96,0.96,0.97,0.05,0.02,0.26,0.36,0.27,0.18,0.18,0.14,0.07,0.11,0.14,0.16,0.05,0.09,0.4,0.27,0.08,0.14,0.1,0.15,0.03,0.05,0.52,0.4,0.51,0.54,0.03,0.09,0.94,0.79,0.91,0.64,0.3,0.23,0.09,0.06,0.04,0.03,0.06,0.01,17482,17898,53268,45785,26978,20362,3.67,17,3.83,3,4,4,3,4,5,3.5,5,3,2,4
"Anchorage municipality, AK",293597,31854,0.11,0.83,0.69,0.69,0.77,0.76,0.91,0.95,0.99,0.99,0.06,0.05,0.35,0.25,0.22,0.26,0.13,0.13,0.08,0.09,0.12,0.17,0.04,0.03,0.28,0.26,0.05,0.05,0.12,0.17,0.02,0.01,0.62,0.64,0.4,0.43,0.01,0.06,0.89,0.86,0.95,0.82,0.38,0.28,0.15,0.08,0.13,0.08,0.19,0.07,25453,25453,68183,46617,34417,32373,2.96,50,2.17,1,2,1,3,2,4,3.75,2,3,5,5
"Arlington city, TX",401886,82554,0.21,0.79,0.65,0.69,0.79,0.75,0.94,0.97,0.98,0.95,0.04,0.03,0.27,0.31,0.23,0.16,0.12,0.16,0.07,0.11,0.13,0.2,0.04,0.15,0.24,0.11,0.03,0.05,0.13,0.16,0.03,0.11,0.57,0.51,0.37,0.46,0.01,0.03,0.87,0.62,0.92,0.65,0.31,0.24,0.1,0.08,0.05,0.02,0.09,0.02,20500,18326,55000,32373,26073,23417,1.71,98,1.67,1,1,2,1,3,2,1.75,2,1,1,3
"Atlanta city, GA",476419,38177,0.08,0.71,0.53,0.58,0.83,0.79,0.88,0.92,0.98,0.97,0.04,0.05,0.28,0.38,0.29,0.19,0.11,0.12,0.1,0.1,0.29,0.26,0.06,0.13,0.32,0.07,0.03,0.02,0.26,0.12,0.03,0.02,0.43,0.39,0.39,0.37,0.01,0.03,0.89,0.82,0.92,0.89,0.5,0.64,0.21,0.35,0.06,0.04,0.06,0.02,12000,12515,61291,53268,30896,21582,4.08,8,3.67,3,3,2,4,5,5,4.5,4,5,5,4
"Aurora city, CO",362547,71125,0.2,0.71,0.68,0.71,0.77,0.76,0.94,0.96,0.97,0.98,0.05,0.02,0.25,0.3,0.21,0.17,0.15,0.16,0.08,0.11,0.1,0.17,0.04,0.12,0.33,0.23,0.07,0.15,0.1,0.15,0.03,0.1,0.64,0.49,0.45,0.57,0.01,0.03,0.93,0.69,0.94,0.67,0.33,0.21,0.1,0.08,0.06,0.02,0.12,0.02,24930,21582,50906,37546,22945,29830,3.25,36,4.5,5,4,5,5,3,5,2,4,1,1,2
"Austin city, TX",947038,173872,0.18,0.67,0.65,0.71,0.83,0.78,0.94,0.97,0.98,0.97,0.06,0.02,0.25,0.33,0.25,0.17,0.13,0.14,0.11,0.11,0.17,0.2,0.05,0.08,0.21,0.14,0.02,0.03,0.11,0.19,0.02,0.04,0.48,0.39,0.38,0.41,0.01,0.04,0.9,0.69,0.94,0.73,0.55,0.4,0.19,0.2,0.08,0.03,0.07,0.02,19816,18530,56006,50140,30755,26000,2.92,54,3.33,4,2,3,3,5,3,2.5,2,3,2,3
"Bakersfield city, CA",371375,74748,0.2,0.59,0.59,0.63,0.76,0.73,0.89,0.92,0.97,0.96,0.04,0.01,0.29,0.39,0.24,0.14,0.13,0.1,0.08,0.13,0.2,0.22,0.04,0.06,0.47,0.43,0.09,0.16,0.19,0.22,0.04,0.06,0.59,0.54,0.43,0.43,0.02,0.04,0.95,0.82,0.87,0.53,0.21,0.16,0.07,0.05,0.07,0.03,0.07,0.01,14661,16187,62000,50000,25030,30544,2.79,61,2.33,1,3,4,1,3,2,3.25,5,4,3,1
"Baltimore city, MD",609040,48727,0.08,0.69,0.53,0.63,0.82,0.77,0.88,0.94,0.98,0.97,0.04,0.03,0.3,0.4,0.23,0.21,0.12,0.13,0.06,0.07,0.26,0.21,0.07,0.12,0.45,0.26,0.08,0.08,0.32,0.23,0.07,0.05,0.48,0.42,0.4,0.39,0.01,0.02,0.94,0.78,0.85,0.8,0.3,0.43,0.14,0.24,0.1,0.05,0.08,0.02,15272,18043,55800,45368,25899,26471,4.25,5,4,5,4,4,3,5,3,4.5,5,5,5,3
"Baton Rouge city, LA",225102,12742,0.06,0.65,0.61,0.65,0.75,0.74,0.9,0.96,0.98,0.99,0.04,0.02,0.31,0.46,0.27,0.22,0.13,0.28,0.08,0.15,0.24,0.25,0.06,0.06,0.34,0.15,0.07,0.05,0.22,0.1,0.06,0.04,0.55,0.46,0.46,0.27,0.01,0.02,0.92,0.66,0.9,0.8,0.34,0.39,0.13,0.2,0.08,0.03,0.08,0.02,14300,15644,49643,30245,26634,25000,2.38,85,1,1,1,1,1,1,1,3.75,5,5,4,1
"Boise City city, ID",225665,13685,0.06,0.72,0.64,0.66,0.75,0.75,0.95,0.93,0.97,1,0.05,0.03,0.31,0.39,0.25,0.22,0.18,0.16,0.12,0.09,0.14,0.27,0.05,0.11,0.19,0.17,0.04,0.05,0.11,0.16,0.02,0.09,0.64,0.54,0.4,0.44,0,0.02,0.91,0.78,0.96,0.8,0.38,0.36,0.13,0.18,0.07,0.04,0.11,0.02,20362,18773,48870,45811,26978,31961,2.63,72,2.5,3,1,3,3,2,3,2.75,2,3,3,3
"Boston city, MA",684090,196317,0.29,0.74,0.58,0.62,0.85,0.74,0.88,0.93,0.97,0.96,0.04,0.03,0.3,0.36,0.37,0.29,0.11,0.15,0.05,0.07,0.27,0.25,0.07,0.18,0.44,0.48,0.07,0.15,0.23,0.29,0.03,0.09,0.38,0.29,0.41,0.48,0.01,0.02,0.97,0.94,0.93,0.76,0.58,0.34,0.25,0.18,0.07,0.03,0.05,0.01,11199,15755,64746,42761,26978,25000,3.21,39,4.17,5,4,3,5,5,3,2.25,2,2,2,3
"Buffalo city, NY",256513,26978,0.11,0.76,0.54,0.53,0.79,0.69,0.91,0.93,0.97,0.95,0.04,0.02,0.22,0.29,0.31,0.32,0.15,0.2,0.05,0.06,0.33,0.45,0.1,0.23,0.53,0.66,0.14,0.27,0.38,0.45,0.1,0.2,0.41,0.36,0.43,0.45,0.01,0.04,0.95,0.93,0.87,0.68,0.28,0.27,0.11,0.12,0.07,0.03,0.07,0.02,14601,9800,43803,26438,20362,20395,3.67,17,4.83,5,5,5,5,4,5,2.5,1,1,4,4
"Chandler city, AZ",253729,37518,0.15,0.72,0.62,0.61,0.76,0.76,0.95,0.97,0.98,0.97,0.06,0.03,0.28,0.38,0.23,0.22,0.12,0.09,0.08,0.1,0.09,0.15,0.04,0.05,0.19,0.19,0.04,0.05,0.07,0.1,0.02,0.01,0.65,0.64,0.35,0.35,0.01,0.01,0.94,0.86,0.96,0.81,0.42,0.46,0.14,0.24,0.05,0.03,0.1,0.03,23012,18000,55996,61000,26978,22160,2.96,50,2.17,1,1,1,3,3,4,3.75,4,3,5,3
"Charlotte city, NC",853971,134173,0.16,0.73,0.63,0.7,0.82,0.76,0.92,0.95,0.98,0.97,0.05,0.02,0.24,0.28,0.26,0.17,0.12,0.09,0.08,0.1,0.17,0.22,0.03,0.07,0.28,0.12,0.03,0.03,0.16,0.16,0.03,0.05,0.55,0.44,0.37,0.36,0,0.02,0.92,0.65,0.94,0.7,0.47,0.35,0.16,0.15,0.04,0.02,0.08,0.01,17579,19177,54653,45000,26073,25030,3.25,36,3.5,5,4,1,5,3,3,3,3,4,2,3
"Chesapeake city, VA",240142,15183,0.06,0.85,0.6,0.68,0.8,0.76,0.94,0.97,0.97,0.98,0.07,0.07,0.26,0.28,0.22,0.19,0.13,0.15,0.06,0.11,0.1,0.16,0.02,0.03,0.19,0.1,0.03,0.04,0.1,0.11,0.02,0.05,0.71,0.66,0.42,0.53,0,0.03,0.93,0.77,0.93,0.84,0.33,0.37,0.12,0.12,0.1,0.06,0.2,0.12,22000,21000,59051,40725,26634,34639,2.67,66,1.33,1,1,3,1,1,1,4,5,4,2,5
"Chicago city, IL",2707692,554271,0.21,0.73,0.56,0.61,0.85,0.76,0.85,0.95,0.97,0.96,0.04,0.02,0.26,0.31,0.28,0.19,0.12,0.14,0.07,0.11,0.24,0.19,0.06,0.13,0.45,0.23,0.06,0.09,0.29,0.22,0.04,0.07,0.44,0.48,0.4,0.41,0.01,0.03,0.94,0.77,0.9,0.7,0.43,0.28,0.18,0.12,0.07,0.03,0.05,0.01,13767,18561,61087,42761,25569,20362,4.38,1,5,5,5,5,5,5,5,3.75,3,5,4,3
"Chula Vista city, CA",267636,84514,0.32,0.72,0.65,0.59,0.78,0.73,0.9,0.91,0.96,0.97,0.05,0.05,0.26,0.4,0.25,0.22,0.14,0.16,0.06,0.12,0.11,0.14,0.03,0.05,0.33,0.29,0.08,0.11,0.08,0.13,0.02,0.04,0.62,0.52,0.52,0.57,0.02,0.05,0.94,0.88,0.92,0.71,0.3,0.25,0.1,0.07,0.1,0.07,0.16,0.07,18776,16800,61509,48870,29724,25351,4.33,2,4.67,4,5,5,5,4,5,4,5,2,4,5
"Cincinnati city, OH",301926,17828,0.06,0.76,0.6,0.59,0.81,0.78,0.9,0.93,0.98,0.97,0.05,0.04,0.26,0.39,0.31,0.2,0.15,0.17,0.06,0.06,0.31,0.35,0.07,0.15,0.43,0.18,0.07,0.05,0.26,0.17,0.04,0.05,0.39,0.32,0.38,0.29,0.01,0.03,0.94,0.72,0.88,0.81,0.34,0.45,0.14,0.26,0.05,0.01,0.06,0.02,15272,14136,50000,40257,20362,15128,3.88,14,4.5,5,4,4,5,4,5,3.25,3,4,4,2
"Cleveland city, OH",385402,22880,0.06,0.73,0.55,0.53,0.79,0.64,0.84,0.88,0.96,0.96,0.04,0.02,0.29,0.37,0.29,0.2,0.14,0.26,0.06,0.08,0.35,0.35,0.11,0.35,0.54,0.45,0.13,0.12,0.38,0.32,0.1,0.13,0.41,0.43,0.39,0.48,0,0.02,0.93,0.87,0.82,0.72,0.17,0.26,0.06,0.14,0.06,0.02,0.07,0.02,13500,12000,44846,20859,19853,26282,3.54,21,3.83,4,4,2,5,3,5,3.25,1,4,5,3
"Colorado Springs city, CO",458635,32329,0.07,0.77,0.65,0.62,0.74,0.69,0.93,0.95,0.98,0.94,0.05,0.05,0.25,0.3,0.28,0.25,0.16,0.15,0.1,0.12,0.14,0.14,0.05,0.08,0.31,0.22,0.07,0.1,0.14,0.17,0.03,0.05,0.62,0.56,0.42,0.4,0.01,0.03,0.93,0.81,0.96,0.79,0.4,0.31,0.15,0.14,0.07,0.06,0.19,0.1,20362,20859,50000,36754,20000,17046,2.54,77,1.83,1,2,4,1,2,1,3.25,2,3,3,5
"Columbus city, OH",866308,95938,0.11,0.76,0.62,0.67,0.82,0.78,0.93,0.93,0.98,0.98,0.05,0.04,0.27,0.33,0.27,0.24,0.13,0.15,0.06,0.08,0.21,0.29,0.05,0.14,0.34,0.34,0.05,0.1,0.18,0.28,0.03,0.06,0.53,0.32,0.34,0.35,0,0.02,0.93,0.78,0.92,0.8,0.38,0.38,0.14,0.17,0.06,0.03,0.08,0.02,18644,15107,53268,35000,25000,19177,3.29,33,4.33,5,4,3,5,4,5,2.25,2,1,2,4
"Corpus Christi city, TX",323931,29477,0.09,0.61,0.6,0.62,0.74,0.75,0.93,0.98,0.98,0.97,0.04,0.03,0.25,0.35,0.21,0.2,0.12,0.14,0.09,0.16,0.18,0.19,0.05,0.13,0.26,0.14,0.04,0.04,0.21,0.18,0.04,0.05,0.57,0.55,0.36,0.39,0.01,0.03,0.84,0.65,0.85,0.65,0.21,0.24,0.07,0.11,0.08,0.03,0.12,0.03,17300,15644,50397,46932,26634,18773,2.42,83,1.33,1,1,2,1,2,1,3.5,5,4,3,2
"Dallas city, TX",1327234,321856,0.24,0.65,0.59,0.69,0.79,0.78,0.93,0.97,0.98,0.97,0.04,0.01,0.28,0.29,0.21,0.13,0.11,0.13,0.09,0.1,0.22,0.2,0.05,0.13,0.34,0.11,0.02,0.04,0.2,0.18,0.02,0.05,0.46,0.42,0.37,0.4,0.01,0.06,0.85,0.52,0.9,0.51,0.41,0.18,0.15,0.08,0.04,0.01,0.07,0.01,16187,19177,60459,41200,30000,22000,3.17,40,4.33,5,4,3,5,4,5,2,3,3,1,1
"Denver city, CO",706029,105169,0.15,0.68,0.63,0.67,0.83,0.79,0.95,0.97,0.98,0.97,0.05,0.02,0.26,0.26,0.23,0.15,0.13,0.11,0.11,0.09,0.17,0.18,0.05,0.08,0.39,0.25,0.06,0.1,0.15,0.15,0.02,0.05,0.5,0.42,0.41,0.47,0.01,0.03,0.93,0.72,0.94,0.64,0.55,0.27,0.21,0.11,0.06,0.02,0.07,0.02,20963,20503,58033,46932,29000,24819,2.83,58,4.17,5,3,4,5,4,4,1.5,1,3,1,1
"Detroit city, MI",677428,44195,0.07,0.66,0.52,0.53,0.69,0.78,0.82,0.89,0.94,0.92,0.03,0.02,0.22,0.26,0.27,0.21,0.17,0.18,0.05,0.08,0.37,0.44,0.1,0.22,0.56,0.49,0.15,0.18,0.43,0.35,0.13,0.12,0.47,0.56,0.43,0.34,0.01,0.04,0.93,0.78,0.84,0.59,0.16,0.19,0.07,0.09,0.05,0.02,0.06,0.01,12000,10014,40000,29567,15644,20362,3.96,12,4.17,5,4,3,5,3,5,3.75,4,5,5,1
"Durham city, NC",267811,37791,0.14,0.8,0.57,0.7,0.79,0.77,0.93,0.96,0.97,0.97,0.07,0.02,0.29,0.41,0.3,0.15,0.14,0.14,0.06,0.09,0.2,0.26,0.06,0.11,0.31,0.1,0.03,0.02,0.18,0.21,0.03,0.02,0.55,0.44,0.37,0.38,0.01,0.02,0.92,0.63,0.93,0.69,0.5,0.43,0.24,0.24,0.06,0.01,0.08,0.01,15644,16270,51670,42761,26978,20859,2.88,57,2.5,3,1,2,3,3,3,3.25,5,4,2,2
"El Paso city, TX",655971,157059,0.24,0.73,0.61,0.5,0.79,0.77,0.93,0.94,0.97,0.97,0.03,0.03,0.28,0.28,0.25,0.25,0.13,0.11,0.06,0.13,0.21,0.27,0.05,0.1,0.31,0.2,0.04,0.05,0.21,0.32,0.05,0.09,0.58,0.59,0.35,0.42,0.01,0.03,0.83,0.7,0.9,0.57,0.27,0.16,0.09,0.06,0.09,0.04,0.14,0.04,14382,11889,48000,38589,20755,16187,2.08,92,1.67,1,1,3,3,1,1,2.5,3,2,2,3
"Fort Wayne city, IN",265444,20271,0.08,0.66,0.62,0.65,0.77,0.66,0.93,0.94,0.98,0.94,0.04,0.02,0.26,0.22,0.26,0.16,0.17,0.17,0.06,0.09,0.18,0.26,0.04,0.18,0.31,0.27,0.06,0.09,0.15,0.22,0.03,0.07,0.64,0.57,0.31,0.34,0,0.01,0.92,0.74,0.91,0.54,0.28,0.16,0.09,0.06,0.04,0.01,0.09,0.02,20455,18773,44820,29136,20859,19816,2,94,2.5,3,3,1,4,2,2,1.5,1,1,3,1
"Fort Worth city, TX",846117,133297,0.16,0.72,0.62,0.67,0.78,0.76,0.93,0.95,0.98,0.94,0.05,0.01,0.26,0.3,0.21,0.15,0.13,0.12,0.08,0.1,0.15,0.2,0.04,0.13,0.26,0.1,0.03,0.04,0.15,0.19,0.03,0.07,0.6,0.6,0.37,0.39,0.01,0.03,0.86,0.58,0.91,0.55,0.32,0.18,0.1,0.06,0.06,0.02,0.1,0.01,19800,18378,55996,38400,25569,25453,1.58,99,1.17,1,1,1,1,1,2,2,2,3,2,1
"Fremont city, CA",234447,112527,0.48,0.77,0.57,0.56,0.77,0.75,0.95,0.97,0.96,0.97,0.04,0.07,0.33,0.39,0.22,0.18,0.12,0.1,0.08,0.07,0.05,0.06,0.03,0.03,0.26,0.31,0.07,0.06,0.06,0.06,0.01,0.01,0.62,0.59,0.43,0.31,0.02,0.04,0.98,0.98,0.95,0.92,0.38,0.64,0.13,0.33,0.04,0.03,0.06,0.01,23438,20859,73000,90000,48870,41717,4.33,2,4.67,4,5,5,4,5,5,4,3,4,5,4
"Fresno city, CA",524090,102725,0.2,0.67,0.57,0.6,0.73,0.75,0.89,0.92,0.97,0.94,0.05,0.02,0.27,0.35,0.31,0.2,0.17,0.17,0.08,0.11,0.26,0.28,0.06,0.09,0.52,0.46,0.11,0.16,0.25,0.3,0.05,0.08,0.49,0.46,0.46,0.51,0.03,0.05,0.94,0.82,0.87,0.55,0.25,0.17,0.08,0.06,0.09,0.03,0.08,0.02,13975,13236,50906,39632,28507,22527,3.33,32,3.67,2,3,4,4,5,4,3,4,3,3,2
"Garland city, TX",241686,67368,0.28,0.79,0.66,0.71,0.75,0.73,0.93,0.96,0.97,0.95,0.05,0.02,0.25,0.31,0.24,0.15,0.14,0.13,0.07,0.14,0.13,0.16,0.03,0.09,0.27,0.11,0.04,0.07,0.12,0.15,0.03,0.1,0.64,0.61,0.39,0.47,0.01,0.04,0.86,0.61,0.92,0.6,0.3,0.18,0.09,0.06,0.04,0.02,0.09,0.02,20719,20362,52000,35020,23740,20859,2.46,80,2.17,1,1,2,2,3,4,2.75,5,2,1,3
"Gilbert town, AZ",243660,21966,0.09,0.85,0.66,0.6,0.78,0.76,0.95,0.95,0.98,0.97,0.07,0.09,0.28,0.39,0.26,0.2,0.12,0.15,0.1,0.11,0.06,0.08,0.04,0.05,0.15,0.15,0.05,0.07,0.04,0.1,0.02,0.04,0.75,0.78,0.34,0.48,0,0.02,0.95,0.91,0.97,0.88,0.43,0.44,0.15,0.17,0.06,0.04,0.09,0.04,22000,18773,58595,56319,31288,30000,2.5,78,1.5,1,1,1,1,1,4,3.5,2,2,5,5
"Glendale city, AZ",250034,44454,0.18,0.69,0.62,0.64,0.72,0.71,0.93,0.96,0.97,0.95,0.05,0.03,0.3,0.34,0.23,0.2,0.15,0.08,0.07,0.11,0.19,0.23,0.07,0.1,0.35,0.33,0.08,0.14,0.18,0.27,0.04,0.12,0.57,0.56,0.4,0.45,0.01,0.05,0.9,0.77,0.89,0.63,0.23,0.17,0.08,0.07,0.06,0.03,0.1,0.02,18992,17104,49000,36000,22945,22661,2.71,65,2.17,2,1,2,1,3,4,3.25,4,3,3,3
"Greensboro city, NC",290282,31197,0.11,0.76,0.57,0.67,0.74,0.76,0.91,0.96,0.97,0.98,0.04,0.01,0.24,0.27,0.32,0.19,0.16,0.13,0.08,0.12,0.24,0.23,0.06,0.11,0.3,0.21,0.04,0.08,0.19,0.2,0.04,0.09,0.52,0.48,0.4,0.37,0.01,0.03,0.91,0.75,0.91,0.75,0.39,0.34,0.14,0.15,0.04,0.01,0.08,0.02,14601,15980,44000,41500,21307,21307,3.46,26,3.17,4,1,3,5,3,3,3.75,5,4,3,3
"Henderson city, NV",303225,43434,0.14,0.85,0.6,0.6,0.68,0.62,0.92,0.94,0.96,0.97,0.05,0.06,0.24,0.31,0.25,0.19,0.15,0.13,0.1,0.12,0.09,0.1,0.05,0.05,0.17,0.09,0.05,0.07,0.08,0.09,0.03,0.02,0.64,0.7,0.36,0.35,0,0.01,0.94,0.9,0.95,0.88,0.33,0.37,0.12,0.13,0.06,0.04,0.13,0.04,23883,25030,53955,43164,32373,33300,3.75,16,3,2,3,4,3,3,3,4.5,3,5,5,5
"Hialeah city, FL",231175,167162,0.72,0.76,0.59,0.55,0.8,0.72,0.91,0.96,0.96,0.98,0.04,0.03,0.26,0.15,0.25,0.19,0.12,0.15,0.08,0.17,0.24,0.23,0.06,0.16,0.49,0.32,0.05,0.18,0.31,0.44,0.13,0.37,0.53,0.46,0.58,0.61,0.02,0.03,0.87,0.78,0.87,0.69,0.2,0.16,0.06,0.04,0.05,0.02,0.04,0.01,11199,12949,35634,22411,24000,17308,2.21,91,1.67,1,2,2,3,1,1,2.75,3,1,4,3
"Honolulu CDP, HI",343776,90902,0.26,0.76,0.61,0.6,0.75,0.69,0.95,0.96,0.98,0.99,0.04,0.03,0.27,0.28,0.24,0.23,0.13,0.17,0.08,0.14,0.11,0.17,0.04,0.09,0.24,0.27,0.05,0.09,0.12,0.21,0.02,0.07,0.5,0.4,0.46,0.46,0.03,0.1,0.97,0.93,0.96,0.76,0.43,0.28,0.16,0.1,0.11,0.04,0.15,0.03,24503,19283,57408,39840,28978,23257,1.92,95,1.83,1,2,3,1,1,3,2,1,1,3,3
"Houston city, TX",2302286,678493,0.3,0.7,0.6,0.66,0.78,0.77,0.91,0.96,0.97,0.96,0.04,0.01,0.33,0.35,0.22,0.17,0.12,0.12,0.08,0.12,0.22,0.24,0.05,0.11,0.34,0.16,0.03,0.05,0.19,0.21,0.03,0.06,0.5,0.42,0.4,0.42,0.01,0.04,0.85,0.59,0.9,0.61,0.38,0.25,0.14,0.11,0.04,0.02,0.07,0.01,15644,16086,59351,44846,30000,20503,3.42,29,4.33,5,4,3,5,4,5,2.5,4,2,2,2
"Indianapolis city (balance), IN",864213,81931,0.1,0.62,0.61,0.68,0.81,0.72,0.91,0.95,0.97,0.95,0.04,0.01,0.27,0.31,0.24,0.14,0.13,0.13,0.06,0.1,0.2,0.25,0.05,0.13,0.34,0.23,0.05,0.09,0.17,0.18,0.03,0.06,0.55,0.38,0.39,0.38,0,0.03,0.91,0.69,0.89,0.67,0.31,0.29,0.11,0.11,0.06,0.02,0.09,0.01,18345,18326,47941,30544,23988,24435,2.58,74,3.17,3,3,1,5,3,4,2,2,3,2,1
"Irvine city, CA",254210,94689,0.37,0.83,0.54,0.47,0.78,0.69,0.93,0.93,0.97,0.96,0.05,0.06,0.31,0.39,0.38,0.28,0.16,0.13,0.13,0.14,0.15,0.27,0.04,0.1,0.25,0.27,0.05,0.08,0.05,0.1,0.01,0.01,0.49,0.46,0.46,0.55,0.01,0.04,0.97,0.92,0.97,0.92,0.61,0.66,0.24,0.29,0.04,0.03,0.06,0.01,10654,9269,67118,53955,31961,30000,2.63,72,3,3,3,3,2,3,4,2.25,1,1,3,4
"Irving city, TX",240532,86635,0.36,0.65,0.68,0.74,0.83,0.77,0.94,0.97,0.98,0.97,0.04,0.01,0.25,0.31,0.2,0.15,0.09,0.07,0.06,0.1,0.13,0.16,0.03,0.07,0.31,0.13,0.02,0.03,0.12,0.13,0.02,0.03,0.41,0.36,0.29,0.33,0.01,0.04,0.86,0.66,0.93,0.66,0.36,0.35,0.11,0.15,0.04,0.01,0.07,0.01,21000,20000,58000,50718,33374,20859,2.58,74,2.67,1,3,2,3,3,4,2.5,3,3,3,1
"Jacksonville city, FL",890762,98270,0.11,0.79,0.62,0.65,0.76,0.77,0.93,0.96,0.97,0.97,0.05,0.04,0.26,0.29,0.21,0.19,0.11,0.12,0.08,0.1,0.17,0.15,0.05,0.08,0.27,0.16,0.05,0.05,0.2,0.18,0.05,0.05,0.56,0.55,0.38,0.37,0.01,0.01,0.89,0.77,0.91,0.84,0.29,0.35,0.09,0.12,0.06,0.03,0.15,0.06,20233,19316,50000,40484,22399,23675,3.46,26,2.17,2,2,1,3,1,4,4.75,4,5,5,5
"Jersey City city, NJ",261060,109055,0.42,0.77,0.56,0.6,0.9,0.75,0.91,0.94,0.98,0.96,0.03,0.03,0.21,0.31,0.25,0.2,0.09,0.09,0.06,0.06,0.21,0.2,0.05,0.11,0.46,0.3,0.07,0.07,0.24,0.27,0.04,0.07,0.29,0.28,0.39,0.39,0.02,0.04,0.93,0.83,0.9,0.86,0.44,0.51,0.15,0.24,0.06,0.02,0.05,0.01,15980,16000,64746,56113,31961,18326,4.25,5,5,5,5,5,5,5,5,3.5,3,3,5,3
"Kansas City city, MO",485621,37471,0.08,0.73,0.62,0.65,0.8,0.73,0.93,0.94,0.98,0.98,0.04,0.03,0.28,0.39,0.23,0.18,0.13,0.17,0.07,0.09,0.18,0.23,0.05,0.16,0.26,0.15,0.03,0.05,0.17,0.2,0.03,0.05,0.54,0.48,0.31,0.35,0,0.02,0.89,0.67,0.92,0.7,0.33,0.26,0.12,0.12,0.07,0.04,0.09,0.03,20362,17308,50906,37118,21307,23988,2.96,50,3.17,3,4,2,4,2,4,2.75,2,3,3,3
"Laredo city, TX",256042,67852,0.27,0.6,0.58,0.53,0.82,0.77,0.93,0.96,0.98,0.98,0.03,0.01,0.26,0.18,0.22,0.22,0.11,0.11,0.08,0.17,0.29,0.32,0.05,0.07,0.4,0.17,0.03,0.03,0.3,0.32,0.05,0.09,0.63,0.58,0.37,0.45,0.03,0.04,0.78,0.54,0.78,0.5,0.21,0.15,0.06,0.04,0.09,0.03,0.05,0.01,11200,10500,48870,35796,21991,14400,1.92,95,1.83,1,1,3,2,1,3,2,3,3,1,1
"Las Vegas city, NV",632764,137844,0.22,0.75,0.58,0.66,0.7,0.65,0.91,0.96,0.96,0.95,0.04,0.02,0.26,0.22,0.25,0.19,0.15,0.17,0.08,0.1,0.17,0.17,0.06,0.1,0.32,0.14,0.07,0.1,0.19,0.19,0.05,0.09,0.53,0.51,0.45,0.41,0.01,0.02,0.91,0.71,0.91,0.65,0.26,0.18,0.1,0.05,0.06,0.02,0.13,0.03,19177,20395,51138,30896,25899,23000,2.75,62,2.5,1,3,3,3,4,1,3,2,3,4,3
"Lexington-Fayette urban county, KY",320655,30125,0.09,0.72,0.61,0.73,0.78,0.77,0.93,0.94,0.97,0.99,0.05,0.01,0.27,0.32,0.31,0.21,0.14,0.17,0.09,0.1,0.2,0.29,0.06,0.15,0.3,0.18,0.06,0.04,0.14,0.19,0.03,0.05,0.56,0.38,0.37,0.4,0,0.02,0.95,0.71,0.93,0.75,0.44,0.41,0.18,0.23,0.06,0.02,0.08,0.01,16697,17308,50000,40317,20859,15644,3.25,36,4,5,4,2,5,3,5,2.5,4,3,1,2
"Lincoln city, NE",283535,23260,0.08,0.77,0.66,0.7,0.81,0.76,0.96,0.96,0.99,0.95,0.05,0.04,0.23,0.28,0.3,0.24,0.16,0.15,0.07,0.04,0.14,0.27,0.06,0.11,0.18,0.2,0.03,0.06,0.09,0.24,0.03,0.11,0.62,0.4,0.36,0.39,0.01,0.02,0.93,0.83,0.96,0.72,0.4,0.31,0.14,0.16,0.08,0.04,0.09,0.02,20754,16494,46941,27500,21582,33374,2.5,78,3,3,4,2,3,3,3,2,1,1,3,3
"Long Beach city, CA",467025,116845,0.25,0.72,0.61,0.61,0.79,0.74,0.92,0.95,0.97,0.96,0.04,0.04,0.26,0.33,0.27,0.21,0.15,0.16,0.1,0.12,0.19,0.2,0.06,0.07,0.39,0.36,0.08,0.12,0.12,0.19,0.03,0.02,0.42,0.37,0.48,0.55,0.02,0.09,0.95,0.83,0.93,0.57,0.37,0.2,0.14,0.06,0.06,0.03,0.07,0.01,18326,16000,61087,43164,30544,20362,3.5,23,4.5,4,5,5,4,4,5,2.5,3,2,2,3
"Los Angeles city, CA",3968051,1461291,0.37,0.71,0.59,0.63,0.82,0.73,0.91,0.95,0.95,0.96,0.04,0.02,0.23,0.29,0.31,0.23,0.17,0.17,0.14,0.19,0.21,0.21,0.07,0.11,0.46,0.38,0.09,0.16,0.12,0.16,0.02,0.04,0.39,0.33,0.49,0.56,0.03,0.11,0.93,0.81,0.92,0.62,0.44,0.24,0.15,0.08,0.04,0.03,0.05,0.01,14382,16187,55996,41717,31288,20000,3.88,14,5,5,5,5,5,5,5,2.75,3,2,2,4
"Louisville city, KY",247255,12710,0.05,0.68,0.57,0.69,0.78,0.74,0.9,0.93,0.98,0.94,0.04,0.04,0.26,0.28,0.28,0.21,0.15,0.16,0.07,0.1,0.24,0.35,0.06,0.17,0.42,0.35,0.07,0.16,0.22,0.25,0.03,0.14,0.53,0.34,0.36,0.37,0.01,0.05,0.95,0.79,0.89,0.8,0.31,0.37,0.13,0.19,0.05,0.02,0.09,0.02,16187,14568,49007,26978,25569,25000,3.13,43,3.5,4,4,2,3,3,5,2.75,4,1,3,3
"Lubbock city, TX",248438,15541,0.06,0.58,0.61,0.62,0.75,0.71,0.96,0.96,0.98,0.99,0.04,0.02,0.26,0.33,0.27,0.21,0.16,0.33,0.09,0.09,0.23,0.28,0.09,0.22,0.23,0.11,0.04,0.01,0.15,0.15,0.03,0.05,0.54,0.45,0.42,0.38,0.01,0.02,0.87,0.73,0.87,0.69,0.29,0.35,0.1,0.23,0.05,0.03,0.07,0.02,15644,14254,45000,25899,20859,23000,2.33,87,1.67,1,1,2,2,1,3,3,1,4,4,3
"Madison city, WI",258067,25736,0.1,0.69,0.65,0.65,0.8,0.76,0.95,0.94,0.98,0.98,0.06,0.03,0.31,0.45,0.4,0.25,0.18,0.22,0.06,0.04,0.2,0.24,0.07,0.19,0.19,0.12,0.03,0.04,0.12,0.21,0.02,0.02,0.53,0.35,0.43,0.43,0,0.04,0.97,0.86,0.97,0.86,0.56,0.56,0.23,0.35,0.07,0.05,0.06,0.01,16687,17003,51730,35610,26634,22945,2.75,62,3.5,3,4,3,3,4,4,2,1,2,2,3
"Memphis city, TN",651815,39551,0.06,0.68,0.58,0.7,0.77,0.77,0.89,0.96,0.97,0.97,0.04,0.01,0.25,0.28,0.23,0.19,0.12,0.15,0.06,0.13,0.27,0.27,0.06,0.14,0.36,0.1,0.06,0.09,0.27,0.22,0.06,0.04,0.49,0.46,0.4,0.4,0,0.02,0.88,0.53,0.88,0.62,0.27,0.25,0.1,0.13,0.07,0.01,0.08,0.01,15235,16290,47852,34092,22373,17000,2.33,87,1.67,1,1,1,3,3,1,3,5,4,2,1
"Mesa city, AZ",497139,59015,0.12,0.65,0.61,0.64,0.7,0.69,0.94,0.95,0.96,0.96,0.05,0.02,0.26,0.29,0.24,0.22,0.15,0.17,0.08,0.16,0.15,0.28,0.06,0.12,0.27,0.19,0.07,0.11,0.11,0.16,0.04,0.09,0.63,0.5,0.39,0.49,0.01,0.05,0.9,0.68,0.93,0.63,0.28,0.18,0.09,0.06,0.05,0.02,0.12,0.02,21582,16687,46932,35000,22661,18326,1.88,97,2,2,1,1,3,3,2,1.75,3,1,1,2
"Miami city, FL",452909,263863,0.58,0.74,0.57,0.56,0.83,0.75,0.89,0.95,0.97,0.96,0.04,0.02,0.32,0.19,0.23,0.17,0.12,0.15,0.12,0.18,0.28,0.26,0.07,0.12,0.45,0.28,0.04,0.12,0.33,0.41,0.03,0.17,0.32,0.29,0.5,0.59,0.02,0.04,0.86,0.76,0.87,0.74,0.39,0.25,0.17,0.09,0.06,0.02,0.05,0.01,11719,13000,54233,31288,28507,16187,2.46,80,2.67,3,2,2,2,3,4,2.25,2,1,3,3
"Milwaukee city, WI",593065,58891,0.1,0.66,0.6,0.65,0.81,0.72,0.91,0.96,0.98,0.96,0.04,0.01,0.27,0.2,0.27,0.17,0.15,0.12,0.05,0.07,0.26,0.26,0.07,0.13,0.45,0.28,0.07,0.07,0.31,0.35,0.06,0.08,0.43,0.46,0.43,0.34,0.01,0.02,0.93,0.7,0.88,0.58,0.26,0.16,0.09,0.08,0.06,0.01,0.06,0.01,16000,17730,48282,37546,26438,27795,2.67,66,2.33,3,1,3,2,3,2,3,2,5,4,1
"Minneapolis city, MN",420241,62459,0.15,0.72,0.66,0.68,0.85,0.81,0.92,0.91,0.98,0.97,0.06,0.03,0.24,0.37,0.38,0.32,0.17,0.2,0.09,0.07,0.24,0.39,0.06,0.15,0.41,0.49,0.07,0.12,0.19,0.41,0.03,0.08,0.53,0.25,0.39,0.44,0.01,0.08,0.96,0.82,0.96,0.64,0.55,0.31,0.21,0.15,0.06,0.03,0.06,0.02,17521,14352,55466,39632,25453,20000,2.67,66,3.83,4,3,3,4,5,4,1.5,1,1,1,3
"Nashville-Davidson metropolitan government (balance), TN",662176,87969,0.13,0.73,0.64,0.74,0.83,0.8,0.94,0.96,0.98,0.98,0.05,0.02,0.28,0.26,0.24,0.17,0.13,0.11,0.09,0.09,0.18,0.24,0.06,0.11,0.29,0.18,0.04,0.08,0.15,0.2,0.02,0.08,0.55,0.43,0.37,0.39,0.01,0.02,0.91,0.63,0.92,0.71,0.43,0.3,0.16,0.12,0.06,0.03,0.08,0.02,20859,19424,50906,37288,30215,22736,2.58,74,3.17,5,1,1,5,3,4,2,3,1,1,3
"New Orleans city, LA",390561,21570,0.06,0.76,0.54,0.63,0.78,0.75,0.89,0.92,0.97,0.96,0.04,0.02,0.3,0.3,0.28,0.21,0.15,0.19,0.11,0.2,0.3,0.25,0.08,0.13,0.44,0.22,0.08,0.09,0.25,0.13,0.04,0.03,0.48,0.46,0.48,0.51,0,0.01,0.91,0.78,0.87,0.78,0.37,0.39,0.16,0.17,0.07,0.04,0.07,0.02,12410,15900,46932,37700,23740,20859,3.42,29,2.33,3,1,1,2,3,4,4.5,5,5,3,5
"New York city, NY",8418640,3107968,0.37,0.78,0.5,0.6,0.82,0.76,0.89,0.94,0.96,0.96,0.04,0.03,0.24,0.28,0.27,0.21,0.13,0.13,0.09,0.11,0.23,0.2,0.06,0.1,0.5,0.42,0.09,0.18,0.29,0.28,0.04,0.1,0.33,0.32,0.44,0.51,0.02,0.06,0.96,0.87,0.89,0.74,0.45,0.3,0.19,0.12,0.07,0.04,0.04,0.01,12515,16620,64746,50000,31288,21307,4.29,4,4.83,5,5,5,4,5,5,3.75,5,2,3,5
"Newark city, NJ",280908,90819,0.32,0.77,0.53,0.67,0.8,0.76,0.84,0.92,0.92,0.95,0.04,0.02,0.13,0.2,0.26,0.21,0.15,0.18,0.05,0.09,0.32,0.22,0.11,0.14,0.54,0.25,0.15,0.14,0.28,0.19,0.11,0.09,0.2,0.26,0.51,0.53,0.02,0.06,0.91,0.65,0.8,0.69,0.14,0.16,0.04,0.05,0.09,0.02,0.05,0.02,10228,17730,40725,30000,21307,15018,3.67,17,3.33,3,5,5,2,4,1,4,5,5,3,3
"Norfolk city, VA",257412,17043,0.07,0.79,0.67,0.68,0.79,0.78,0.93,0.95,0.97,0.95,0.04,0.05,0.24,0.28,0.21,0.14,0.14,0.19,0.05,0.07,0.22,0.16,0.06,0.05,0.25,0.07,0.05,0.04,0.15,0.08,0.03,0.04,0.45,0.44,0.41,0.39,0,0.02,0.9,0.78,0.88,0.82,0.26,0.34,0.1,0.14,0.08,0.07,0.28,0.16,19709,22000,48400,37769,20000,23309,3.29,33,1.83,1,1,3,2,3,1,4.75,4,5,5,5
"North Las Vegas city, NV",240979,51380,0.21,0.74,0.62,0.67,0.75,0.68,0.92,0.96,0.96,0.95,0.04,0.02,0.22,0.19,0.22,0.15,0.11,0.14,0.06,0.09,0.16,0.15,0.05,0.08,0.35,0.1,0.08,0.1,0.16,0.21,0.06,0.09,0.59,0.61,0.39,0.43,0.01,0.02,0.92,0.68,0.9,0.62,0.21,0.15,0.07,0.04,0.07,0.02,0.15,0.04,20000,21582,50000,32400,22500,16799,3,48,3,2,4,3,1,4,4,3,3,4,3,2
"Oakland city, CA",425165,115248,0.27,0.71,0.59,0.61,0.82,0.79,0.9,0.94,0.97,0.96,0.04,0.01,0.26,0.3,0.3,0.28,0.17,0.15,0.12,0.15,0.21,0.23,0.05,0.08,0.45,0.4,0.08,0.12,0.17,0.16,0.03,0.04,0.43,0.36,0.42,0.5,0.02,0.09,0.95,0.85,0.94,0.62,0.55,0.27,0.24,0.11,0.08,0.03,0.05,0.01,15980,14915,68834,60000,31288,21582,3.08,46,3.67,2,3,5,3,5,4,2.5,3,2,2,3
"Oklahoma City city, OK",634903,68852,0.11,0.69,0.61,0.68,0.76,0.8,0.93,0.96,0.99,0.98,0.05,0.03,0.28,0.31,0.22,0.19,0.14,0.14,0.1,0.11,0.19,0.22,0.05,0.09,0.28,0.11,0.03,0.04,0.18,0.18,0.03,0.04,0.58,0.53,0.32,0.32,0.01,0.02,0.88,0.6,0.91,0.57,0.32,0.22,0.11,0.11,0.09,0.05,0.12,0.02,18963,18021,48581,37384,23000,26101,2.38,85,1.5,1,1,2,3,1,1,3.25,3,5,2,3
"Omaha city, NE",455932,50799,0.11,0.66,0.65,0.7,0.79,0.77,0.94,0.93,0.98,0.96,0.04,0.02,0.3,0.2,0.27,0.19,0.13,0.14,0.08,0.06,0.15,0.26,0.04,0.11,0.24,0.19,0.03,0.04,0.14,0.23,0.03,0.06,0.62,0.43,0.37,0.3,0,0.04,0.92,0.67,0.94,0.55,0.4,0.26,0.13,0.11,0.04,0.01,0.1,0.01,20859,16000,52942,37365,23438,21582,1.5,100,2,1,3,3,3,1,1,1,1,1,1,1
"Orlando city, FL",274450,62326,0.23,0.79,0.64,0.68,0.8,0.77,0.92,0.95,0.98,0.97,0.04,0.02,0.25,0.22,0.25,0.21,0.12,0.16,0.08,0.11,0.22,0.22,0.07,0.12,0.34,0.19,0.05,0.05,0.26,0.25,0.05,0.1,0.43,0.39,0.42,0.52,0.01,0.03,0.88,0.74,0.9,0.79,0.35,0.28,0.11,0.1,0.05,0.02,0.08,0.02,17003,16187,46700,29202,25453,19177,3,48,3.5,4,4,3,4,3,3,2.5,1,3,2,4
"Philadelphia city, PA",1579833,223773,0.14,0.79,0.52,0.62,0.8,0.74,0.88,0.92,0.96,0.93,0.04,0.03,0.3,0.33,0.26,0.22,0.14,0.13,0.06,0.12,0.29,0.27,0.09,0.18,0.45,0.33,0.08,0.13,0.32,0.3,0.07,0.16,0.53,0.5,0.44,0.51,0.01,0.03,0.94,0.8,0.87,0.74,0.29,0.31,0.12,0.14,0.08,0.03,0.07,0.02,13850,15018,50906,32580,23417,21582,3.92,13,4.33,5,4,3,5,5,4,3.5,5,3,3,3
"Phoenix city, AZ",1625123,316080,0.19,0.62,0.63,0.65,0.77,0.75,0.93,0.96,0.98,0.97,0.05,0.02,0.27,0.31,0.22,0.18,0.13,0.12,0.09,0.14,0.19,0.25,0.05,0.08,0.36,0.28,0.06,0.09,0.15,0.24,0.03,0.05,0.56,0.5,0.37,0.38,0.01,0.05,0.9,0.69,0.9,0.59,0.32,0.18,0.11,0.07,0.05,0.02,0.09,0.02,19640,16900,53268,43164,26073,18773,2.46,80,2.67,2,3,2,4,1,4,2.25,4,2,2,1
"Pittsburgh city, PA",301898,27082,0.09,0.76,0.54,0.45,0.82,0.66,0.91,0.97,0.97,0.98,0.05,0.06,0.31,0.37,0.32,0.29,0.14,0.13,0.06,0.08,0.25,0.42,0.09,0.22,0.33,0.32,0.06,0.05,0.24,0.19,0.04,0.05,0.48,0.31,0.38,0.44,0,0.03,0.95,0.89,0.93,0.89,0.42,0.7,0.19,0.43,0.06,0.02,0.08,0.01,14497,9400,48154,30250,22000,20859,3.13,43,4,4,4,3,5,3,5,2.25,3,2,3,1
"Plano city, TX",287217,78451,0.27,0.81,0.63,0.63,0.78,0.76,0.95,0.97,0.97,0.96,0.08,0.03,0.28,0.35,0.22,0.21,0.11,0.1,0.09,0.11,0.08,0.15,0.03,0.06,0.14,0.08,0.02,0.03,0.05,0.08,0.01,0.03,0.58,0.55,0.32,0.31,0.01,0.02,0.93,0.8,0.98,0.87,0.54,0.63,0.18,0.33,0.04,0.02,0.08,0.01,20827,15272,60000,57500,31961,26471,2.04,93,1.33,1,1,2,2,1,1,2.75,1,2,5,3
"Portland city, OR",644564,85654,0.13,0.76,0.62,0.64,0.8,0.78,0.93,0.95,0.97,0.97,0.05,0.02,0.25,0.27,0.31,0.21,0.19,0.18,0.12,0.11,0.17,0.24,0.06,0.09,0.33,0.35,0.08,0.1,0.22,0.33,0.05,0.1,0.54,0.5,0.42,0.46,0.01,0.04,0.95,0.86,0.96,0.73,0.53,0.32,0.21,0.14,0.06,0.04,0.07,0.02,20000,17730,53268,46932,24819,22661,3.17,40,3.33,3,3,4,3,4,3,3,2,2,3,5
"Raleigh city, NC",469542,59233,0.13,0.74,0.58,0.72,0.81,0.76,0.93,0.95,0.98,0.98,0.06,0.03,0.26,0.31,0.27,0.2,0.13,0.17,0.08,0.09,0.15,0.25,0.04,0.11,0.24,0.12,0.02,0.03,0.13,0.14,0.02,0.03,0.56,0.45,0.35,0.4,0,0.02,0.92,0.69,0.95,0.75,0.53,0.44,0.18,0.21,0.07,0.03,0.08,0.02,16687,18733,53400,40725,31961,25899,2.33,87,2.17,3,1,1,3,2,3,2.5,3,3,1,3
"Reno city, NV",243053,36412,0.15,0.73,0.64,0.74,0.71,0.76,0.93,0.95,0.98,0.98,0.04,0.01,0.29,0.23,0.28,0.18,0.17,0.16,0.09,0.06,0.17,0.14,0.05,0.08,0.26,0.12,0.05,0.05,0.15,0.16,0.03,0.09,0.51,0.44,0.4,0.37,0.02,0.04,0.93,0.77,0.94,0.69,0.36,0.25,0.14,0.1,0.06,0.02,0.11,0.03,21201,22399,52147,40000,30176,22500,2.67,66,2.33,2,4,3,1,3,1,3,2,3,4,3
"Richmond city, VA",226352,16049,0.07,0.75,0.56,0.7,0.82,0.72,0.9,0.96,0.98,0.95,0.03,0.01,0.25,0.31,0.3,0.25,0.13,0.17,0.06,0.07,0.3,0.24,0.06,0.18,0.34,0.1,0.03,0.03,0.22,0.16,0.02,0.05,0.44,0.33,0.42,0.37,0.01,0.03,0.91,0.53,0.88,0.61,0.4,0.28,0.16,0.17,0.08,0.03,0.08,0.02,14000,15272,50906,49000,20000,18773,3.38,31,4,5,4,4,3,3,5,2.75,1,5,2,3
"Riverside city, CA",327680,74150,0.23,0.72,0.6,0.61,0.75,0.71,0.92,0.95,0.95,0.98,0.04,0.02,0.27,0.32,0.28,0.16,0.18,0.17,0.07,0.1,0.15,0.16,0.05,0.07,0.39,0.3,0.09,0.13,0.12,0.16,0.04,0.04,0.54,0.53,0.48,0.51,0.02,0.05,0.94,0.8,0.9,0.6,0.25,0.18,0.1,0.07,0.06,0.03,0.07,0.02,15448,18326,53268,41549,31288,22945,2.96,50,2.67,1,3,4,3,3,2,3.25,4,3,3,3
"Sacramento city, CA",502517,111593,0.22,0.75,0.58,0.59,0.78,0.73,0.9,0.94,0.97,0.95,0.06,0.03,0.29,0.32,0.27,0.25,0.15,0.14,0.08,0.11,0.18,0.22,0.05,0.09,0.42,0.42,0.08,0.15,0.15,0.19,0.03,0.06,0.49,0.5,0.43,0.48,0.01,0.04,0.96,0.87,0.92,0.7,0.36,0.24,0.13,0.08,0.15,0.08,0.09,0.02,17715,14915,60490,43803,24000,25453,3.29,33,3.83,2,4,4,4,5,4,2.75,3,2,3,3
"San Antonio city, TX",1484014,204742,0.14,0.69,0.61,0.61,0.76,0.74,0.94,0.96,0.97,0.97,0.04,0.02,0.28,0.26,0.23,0.18,0.12,0.12,0.06,0.13,0.19,0.22,0.05,0.09,0.28,0.13,0.04,0.04,0.18,0.2,0.03,0.05,0.55,0.53,0.39,0.39,0.01,0.02,0.86,0.67,0.87,0.6,0.27,0.22,0.1,0.09,0.06,0.02,0.13,0.03,16187,15980,52203,38688,23740,20362,3.5,23,4,5,3,3,5,3,5,3,3,3,3,3
"San Bernardino city, CA",216811,50717,0.23,0.61,0.57,0.61,0.72,0.7,0.87,0.93,0.96,0.94,0.02,0.01,0.25,0.2,0.28,0.18,0.2,0.23,0.05,0.1,0.26,0.25,0.06,0.16,0.56,0.37,0.14,0.17,0.24,0.28,0.11,0.07,0.48,0.53,0.54,0.51,0.03,0.08,0.92,0.71,0.82,0.47,0.14,0.08,0.04,0.03,0.08,0.03,0.07,0.01,11889,15272,45322,21582,26272,17626,2.92,54,2.83,1,3,4,2,3,4,3,5,3,3,1
"San Diego city, CA",1403977,356074,0.25,0.76,0.63,0.6,0.78,0.74,0.92,0.94,0.97,0.96,0.06,0.03,0.3,0.4,0.28,0.26,0.17,0.15,0.11,0.14,0.15,0.2,0.05,0.09,0.3,0.31,0.07,0.09,0.08,0.15,0.02,0.02,0.47,0.44,0.47,0.56,0.02,0.05,0.94,0.86,0.95,0.73,0.49,0.37,0.19,0.17,0.07,0.04,0.14,0.04,18400,15341,61846,50000,30107,20362,3.13,43,3.5,3,4,5,3,5,1,2.75,2,1,3,5
"San Francisco city, CA",874787,299854,0.34,0.82,0.58,0.55,0.85,0.77,0.92,0.95,0.97,0.97,0.04,0.03,0.26,0.31,0.32,0.28,0.12,0.12,0.11,0.11,0.16,0.14,0.05,0.08,0.35,0.38,0.05,0.1,0.11,0.11,0.02,0.03,0.35,0.4,0.29,0.39,0.02,0.08,0.97,0.95,0.97,0.76,0.69,0.42,0.26,0.18,0.05,0.04,0.05,0.02,18021,18053,86328,71268,38353,25453,4,10,5,5,5,5,5,5,5,3,1,2,4,5
"San Jose city, CA",1019911,397097,0.39,0.78,0.6,0.63,0.8,0.77,0.94,0.96,0.96,0.96,0.05,0.04,0.29,0.37,0.31,0.23,0.14,0.11,0.08,0.09,0.1,0.12,0.03,0.04,0.33,0.33,0.06,0.08,0.09,0.13,0.01,0.02,0.59,0.56,0.46,0.49,0.02,0.05,0.96,0.92,0.92,0.78,0.44,0.43,0.15,0.19,0.05,0.02,0.06,0.01,18326,19800,74458,74576,32373,24435,4.25,5,5,5,5,5,5,5,5,3.5,4,3,4,3
"Santa Ana city, CA",334183,143415,0.43,0.65,0.63,0.67,0.81,0.78,0.93,0.97,0.96,0.96,0.02,0.01,0.21,0.22,0.3,0.2,0.2,0.15,0.07,0.1,0.18,0.17,0.05,0.07,0.52,0.33,0.12,0.18,0.12,0.19,0.04,0.08,0.53,0.42,0.46,0.58,0.06,0.16,0.91,0.77,0.85,0.46,0.26,0.11,0.08,0.03,0.04,0.02,0.04,0.01,14200,18326,44846,38380,25448,20362,3.46,26,4.17,4,4,5,4,5,3,2.75,5,4,1,1
"Scottsdale city, AZ",250761,26896,0.11,0.82,0.56,0.53,0.68,0.7,0.95,0.95,0.98,0.98,0.08,0.07,0.26,0.38,0.28,0.25,0.16,0.15,0.16,0.19,0.1,0.19,0.04,0.05,0.16,0.12,0.04,0.05,0.07,0.1,0.01,0.03,0.69,0.64,0.32,0.37,0.01,0.01,0.95,0.88,0.97,0.89,0.56,0.53,0.21,0.28,0.04,0.02,0.1,0.02,23225,20859,61300,66122,35634,31294,2.42,83,1.33,1,1,1,1,3,1,3.5,3,2,5,4
"Seattle city, WA",725210,135428,0.19,0.76,0.63,0.58,0.83,0.78,0.93,0.93,0.98,0.97,0.06,0.04,0.29,0.33,0.32,0.27,0.15,0.13,0.1,0.09,0.16,0.23,0.05,0.08,0.26,0.28,0.05,0.05,0.17,0.25,0.03,0.04,0.47,0.39,0.37,0.35,0.02,0.05,0.97,0.92,0.97,0.85,0.66,0.54,0.27,0.28,0.05,0.03,0.06,0.02,22399,18129,66053,64746,31961,25000,4,10,5,5,5,5,5,5,5,3,1,2,4,5
"St. Louis city, MO",307841,21231,0.07,0.75,0.58,0.63,0.82,0.68,0.9,0.9,0.97,0.98,0.04,0.07,0.3,0.5,0.25,0.15,0.12,0.13,0.06,0.06,0.26,0.26,0.08,0.18,0.35,0.25,0.05,0.04,0.28,0.23,0.04,0.05,0.44,0.36,0.36,0.36,0.01,0.02,0.9,0.79,0.88,0.83,0.36,0.45,0.15,0.27,0.07,0.02,0.08,0.02,16188,15767,50000,37500,25030,17308,2.67,66,2.33,2,4,1,2,1,4,3,4,3,3,2
"St. Paul city, MN",304635,60544,0.2,0.77,0.64,0.65,0.82,0.81,0.91,0.95,0.98,0.97,0.06,0.02,0.24,0.27,0.34,0.29,0.15,0.18,0.07,0.06,0.22,0.3,0.04,0.14,0.42,0.52,0.08,0.15,0.22,0.35,0.02,0.1,0.54,0.33,0.42,0.49,0.01,0.1,0.95,0.85,0.94,0.66,0.47,0.24,0.19,0.09,0.08,0.04,0.06,0.01,16800,14661,50906,36503,20362,19424,2.83,58,4.17,5,4,3,5,5,3,1.5,1,1,1,3
"St. Petersburg city, FL",257609,27913,0.11,0.81,0.58,0.58,0.7,0.67,0.93,0.95,0.97,0.97,0.06,0.06,0.26,0.34,0.23,0.22,0.17,0.16,0.11,0.13,0.16,0.16,0.06,0.09,0.24,0.15,0.05,0.06,0.17,0.14,0.03,0.07,0.6,0.66,0.42,0.28,0.01,0.01,0.9,0.83,0.92,0.85,0.36,0.34,0.13,0.14,0.05,0.04,0.12,0.04,19900,19816,50400,43704,21307,23417,2.83,58,1.17,1,2,1,1,1,1,4.5,3,5,5,5
"Stockton city, CA",306512,77366,0.25,0.68,0.56,0.6,0.72,0.69,0.89,0.92,0.97,0.97,0.03,0.02,0.26,0.23,0.26,0.15,0.18,0.17,0.07,0.09,0.2,0.18,0.06,0.1,0.5,0.42,0.12,0.24,0.21,0.26,0.07,0.08,0.5,0.47,0.46,0.44,0.02,0.04,0.95,0.86,0.87,0.59,0.19,0.16,0.06,0.04,0.08,0.04,0.07,0.02,15323,16290,52147,32122,25030,24503,3.63,20,4,3,4,5,4,5,3,3.25,3,3,4,3
"Tampa city, FL",384044,64841,0.17,0.75,0.59,0.64,0.8,0.75,0.91,0.93,0.98,0.96,0.05,0.03,0.28,0.26,0.25,0.18,0.12,0.12,0.09,0.12,0.24,0.27,0.06,0.12,0.35,0.23,0.03,0.06,0.27,0.31,0.03,0.09,0.47,0.44,0.45,0.48,0.01,0.02,0.9,0.75,0.9,0.77,0.37,0.3,0.14,0.13,0.05,0.02,0.1,0.03,15331,15107,53955,35634,23740,17266,2.29,90,1.83,3,2,2,1,2,1,2.75,2,2,4,3
"Toledo city, OH",277605,9407,0.03,0.69,0.59,0.59,0.77,0.68,0.9,0.95,0.96,0.93,0.04,0.03,0.24,0.38,0.27,0.33,0.15,0.28,0.05,0.08,0.27,0.31,0.1,0.24,0.42,0.25,0.09,0.14,0.27,0.18,0.07,0.05,0.51,0.5,0.35,0.42,0,0.02,0.92,0.83,0.87,0.77,0.18,0.38,0.06,0.18,0.04,0.02,0.08,0.01,17104,13236,41717,19000,18326,15272,3.17,40,3.83,5,3,3,5,2,5,2.5,1,3,4,2
"Tucson city, AZ",533839,76600,0.14,0.72,0.58,0.59,0.65,0.7,0.91,0.93,0.97,0.96,0.04,0.02,0.28,0.33,0.29,0.29,0.2,0.2,0.08,0.16,0.23,0.28,0.08,0.15,0.36,0.3,0.09,0.12,0.19,0.28,0.04,0.07,0.55,0.55,0.43,0.44,0.01,0.03,0.91,0.74,0.91,0.63,0.3,0.2,0.12,0.08,0.07,0.03,0.13,0.03,16270,13165,42000,32987,18200,16187,3.08,46,3.17,3,1,2,5,3,5,3,4,2,3,3
"Tulsa city, OK",411424,37898,0.09,0.7,0.62,0.7,0.75,0.75,0.93,0.95,0.97,0.97,0.06,0.02,0.3,0.36,0.22,0.21,0.14,0.15,0.1,0.1,0.18,0.25,0.04,0.11,0.26,0.1,0.04,0.05,0.16,0.12,0.03,0.03,0.57,0.47,0.34,0.36,0,0.02,0.88,0.63,0.93,0.65,0.35,0.24,0.12,0.1,0.05,0.02,0.1,0.02,19607,17266,48079,37769,25000,24503,2.92,54,3.33,4,4,2,5,2,3,2.5,2,4,1,3
"Virginia Beach city, VA",450010,41400,0.09,0.81,0.69,0.64,0.77,0.74,0.95,0.98,0.98,0.98,0.05,0.03,0.26,0.3,0.22,0.17,0.14,0.12,0.07,0.1,0.09,0.1,0.03,0.03,0.15,0.1,0.03,0.05,0.07,0.08,0.02,0.06,0.63,0.67,0.37,0.35,0,0.02,0.93,0.89,0.95,0.85,0.36,0.38,0.13,0.15,0.1,0.07,0.25,0.15,25453,21276,55000,43164,21991,23417,2.67,66,1.33,1,1,3,1,1,1,4,3,3,5,5
"Washington city, DC",692683,96171,0.14,0.7,0.51,0.67,0.86,0.82,0.84,0.93,0.97,0.97,0.04,0.03,0.29,0.27,0.28,0.28,0.09,0.11,0.07,0.08,0.26,0.19,0.06,0.08,0.52,0.34,0.06,0.07,0.27,0.17,0.03,0.02,0.42,0.37,0.4,0.46,0.01,0.06,0.97,0.92,0.93,0.81,0.59,0.56,0.33,0.37,0.24,0.19,0.07,0.02,12000,18111,78220,69887,41441,30544,4.04,9,4.33,5,3,5,5,4,4,3.75,2,5,4,4
"Wichita city, KS",389195,32133,0.08,0.75,0.61,0.67,0.75,0.76,0.94,0.96,0.98,0.97,0.04,0.02,0.29,0.32,0.23,0.19,0.14,0.16,0.08,0.07,0.17,0.22,0.05,0.12,0.26,0.11,0.04,0.03,0.15,0.16,0.02,0.05,0.62,0.62,0.31,0.35,0.01,0.01,0.9,0.7,0.92,0.63,0.3,0.2,0.11,0.09,0.05,0.02,0.11,0.02,20024,17730,47941,37013,20859,20362,2.75,62,3,4,1,2,3,3,5,2.5,1,4,3,2
"Winston-Salem city, NC",243834,23692,0.1,0.7,0.55,0.65,0.73,0.75,0.92,0.96,0.97,0.95,0.05,0.02,0.26,0.3,0.26,0.14,0.16,0.1,0.08,0.09,0.23,0.3,0.07,0.11,0.32,0.09,0.05,0.07,0.17,0.16,0.04,0.03,0.55,0.47,0.38,0.33,0,0.03,0.91,0.58,0.92,0.62,0.35,0.25,0.13,0.11,0.05,0.02,0.08,0.03,15100,16270,46932,41672,21380,18326,3.5,23,3,4,1,2,5,3,3,4,5,5,3,3
